﻿"Variable / Field Name","Form Name","Section Header","Field Type","Field Label","Choices, Calculations, OR Slider Labels","Field Note","Text Validation Type OR Show Slider Number","Text Validation Min","Text Validation Max",Identifier?,"Branching Logic (Show field only if...)","Required Field?","Custom Alignment","Question Number (surveys only)","Matrix Group Name","Matrix Ranking?","Field Annotation"
ohq_instructions,orthostatic_hypotension_questionnaire_ohq,,descriptive,"<div class=""rich-text-field-label""><p>Patient Instructions:<span style=""font-weight: normal;""> We are interested in measuring the symptoms that occur because of your problem with low blood pressure (orthostatic hypotension) and the degree that those symptoms may interfere with your daily activity. It is important that we measure the symptoms that are due ONLY to your low blood pressure, and not something else (like diabetes or Parkinson's disease). Many people know which of their symptoms are due to low blood pressure. Some people who have recently developed problems with low blood pressure may not easily distinguish symptoms of low blood pressure from symptoms caused by other conditions. In general, symptoms of your low blood pressure problem will appear either upon standing or after you have been standing for some time, and will usually improve if you sit down or lie down. Some patients even have symptoms when they are sitting which might improve after lying down. Some people have symptoms that improve only after sitting or lying down for quite some time. </span></p> <p>Please answer the questions below keeping in mind that we want to know only about those symptoms that are from your problem with low blood pressure. </p></div>",,,,,,,,,,,,,
ohsa_dizziness,orthostatic_hypotension_questionnaire_ohq,"<u>OH SYMPTOM ASSESSMENT (OHSA)</u>

Please tick the number on the scale that best rates how severe symptoms from low blood pressure have been on the average over the past week. You should respond to every symptom. If participant does not experience the symptom, circle zero (0). YOU SHOULD RATE ONLY THE SYMPTOMS THAT ARE DUE TO LOW BLOOD PRESSURE PROBLEM.

0: None,  10: Worst possible",radio,"1. Dizziness, lightheadedness, feeling faint, or feeling like you might black out","0, 0 | 1, 1 | 2, 2 | 3, 3 | 4, 4 | 5, 5 | 6, 6 | 7, 7 | 8, 8 | 9, 9 | 10, 10",,,,,,,y,,,ohsa,,
ohsa_vision_problem,orthostatic_hypotension_questionnaire_ohq,,radio,"2. Problems with vision (blurring, seeing spots, tunnel vision, etc.)","0, 0 | 1, 1 | 2, 2 | 3, 3 | 4, 4 | 5, 5 | 6, 6 | 7, 7 | 8, 8 | 9, 9 | 10, 10",,,,,,,y,,,ohsa,,
ohsa_weakness,orthostatic_hypotension_questionnaire_ohq,,radio,"3. Weakness","0, 0 | 1, 1 | 2, 2 | 3, 3 | 4, 4 | 5, 5 | 6, 6 | 7, 7 | 8, 8 | 9, 9 | 10, 10",,,,,,,y,,,ohsa,,
ohsa_fatigue,orthostatic_hypotension_questionnaire_ohq,,radio,"4. Fatigue","0, 0 | 1, 1 | 2, 2 | 3, 3 | 4, 4 | 5, 5 | 6, 6 | 7, 7 | 8, 8 | 9, 9 | 10, 10",,,,,,,y,,,ohsa,,
ohsa_trouble_concentrate,orthostatic_hypotension_questionnaire_ohq,,radio,"5. Trouble concentrating","0, 0 | 1, 1 | 2, 2 | 3, 3 | 4, 4 | 5, 5 | 6, 6 | 7, 7 | 8, 8 | 9, 9 | 10, 10",,,,,,,y,,,ohsa,,
ohsa_head_neck_discomfort,orthostatic_hypotension_questionnaire_ohq,,radio,"6. Head and neck discomfort","0, 0 | 1, 1 | 2, 2 | 3, 3 | 4, 4 | 5, 5 | 6, 6 | 7, 7 | 8, 8 | 9, 9 | 10, 10",,,,,,,y,,,ohsa,,
ohdas_stand_short,orthostatic_hypotension_questionnaire_ohq,"<u>OH DAILY ACTIVITY SCALE (OHDAS)</u>

We are interested in how the low blood pressure symptoms that you experiences affect daily life. Please rate each item by ticking the number that best represents how much on the average the activity has been interfered with over the past week by the low blood pressure symptoms you have experienced. If you cannot do the activity for reasons other than low blood pressure, please mark that response.

0: No interference, 10: Total interference
",radio,"1. Activities that require standing for a short time","NA, Cannot do for other reasons | 0, 0 | 1, 1 | 2, 2 | 3, 3 | 4, 4 | 5, 5 | 6, 6 | 7, 7 | 8, 8 | 9, 9 | 10, 10",,,,,,,y,,,ohdas,,
ohdas_stand_long,orthostatic_hypotension_questionnaire_ohq,,radio,"2. Activities that require standing for a long time","NA, Cannot do for other reasons | 0, 0 | 1, 1 | 2, 2 | 3, 3 | 4, 4 | 5, 5 | 6, 6 | 7, 7 | 8, 8 | 9, 9 | 10, 10",,,,,,,y,,,ohdas,,
ohdas_walk_short,orthostatic_hypotension_questionnaire_ohq,,radio,"3. Activities that require walking for a short time","NA, Cannot do for other reasons | 0, 0 | 1, 1 | 2, 2 | 3, 3 | 4, 4 | 5, 5 | 6, 6 | 7, 7 | 8, 8 | 9, 9 | 10, 10",,,,,,,y,,,ohdas,,
ohdas_walk_long,orthostatic_hypotension_questionnaire_ohq,,radio,"4. Activities that require walking for a long time","NA, Cannot do for other reasons | 0, 0 | 1, 1 | 2, 2 | 3, 3 | 4, 4 | 5, 5 | 6, 6 | 7, 7 | 8, 8 | 9, 9 | 10, 10",,,,,,,y,,,ohdas,,
kaufmann_h_malamut_r_norcl,orthostatic_hypotension_questionnaire_ohq,,descriptive,"<div class=""rich-text-field-label""><p><code>Kaufmann, H., Malamut, R., Norcliffe-Kaufmann, L. et al. The Orthostatic Hypotension Questionnaire (OHQ): validation of a novel symptom assessment scale. Clin Auton Res 22, 79-90 (2012). https://doi.org/10.1007/s10286-011-0146-2</code></p></div>",,,,,,,,,,,,,
